,Unique_ID,Gender
0,4ofqjhfxri,F
1,d9xrfifqhp,M
2,1wfnzlfrh4,F
3,3niofqfr1,M
4,ewmfgqfxt_,M
5,xlnwgqfuga,M
6,6jysfxfpps,M
7,pfyyfgxmp,M
8,nmfisjgxn,F
9,xjspwngixa,M
10,lwmpztgrr,M
11,.sj1tgflz,M
12,cj1xfwgwgz,M
13,_1iftwgia,M
14,0jq3twgfyz,M
15,tsfmhzgrpg,F
16,gsttmfh1om,M
17,htphfmhoc,M
18,zjfmhxf1,M
19,w87sjmhiq,M
20,xlszjmhglw,M
21,vatmhob,M
22,bzmhsfa,M
23,jjpwfqhoon,F
24,dwzg3qhlh5,M
25,4fwyqthfh4,M
26,tsfrthow9,M
27,d3f1sthfoz,M
28,sxstthw4,M
29,ajxzwhfk1,M
30,j3sfzhoy_,M
31,q87n0fijhm,F
32,rntqgjifrl,M
33,d8yfsgjifk,F
34,q9lsnih7,F
35,3nxxni3gm,M
36,ksji1tifo8,F
37,rst4nqjfia,M
38,rfmwj0jwx5,M
39,1thsfwkjo1,M
40,yjxsfwkqu,M
41,i7nhwfljod,
42,wwjgqnl1jz,M
43,6xllnwlix9,M
44,gsfrfzlfo_,M
45,cwf0jzlkkr,M
46,19fswjmhrw,
47,uwf13jmgf1,M
48,zsfrtmost,M
49,.jxztmrow,M
50,m79lsfzmog,F
51,99txizmqfg,F
52,dnzmxhz,M
53,qj4hsnh2,M
54,.7xphfoony,F
55,ixpsjowr6,F
56,i8jxsjofr3,M
57,x.7smtorfp,F
58,g8xsmtopyc,M
59,rnsmxfpqxt,F
60,1sfnwzpogn,M
61,ehzfkfqrs5,M
62,m3jsfqrsl,
63,wjnwwfqwzp,M
64,7jqog3,M
65,pmhynjqo5,
66,9yyjqrou,M
67,alsfzjqyrn,M
68,r.xn1jqr8,M
69,_.97nq3m,M
70,ljxisnqhp6,F
71,ca6znqre,F
72,bc77znq3k,M
73,oz3qr3,M
74,_mxjmfrmp,F
75,c87ywfrqom,M
76,f7snphruoh,M
77,swnisjrzn,M
78,owzgqnr0lh,M
79,97fwxnrpk,F
80,sstxfsifa,M
81,__j3zlsrmq,M
82,87ofsfuhfb,F
83,qjmysfuwwl,M
84,7zofwfuwfn,M
85,n7qjyfuird,F
86,fjxqzfuipg,F
87,wsf3snujmy,M
88,itfwxwu,M
89,vtfwpx.,F
90,gmxzwss7,M
91,58sf3wppw,M
92,6jmhsfxzwo,M
93,.yqzmhxgj_,M
94,yrjqjxkyh,M
95,6mfsfmx1rz,
96,xpwjmxup6,M
97,1jqiinxghv,M
98,v7tjrnxof.,F
99,38ji3sxoic,M
100,sjmujyx1l3,M
101,hwj3yxwo2,F
102,3jqjnmyqgp,F
103,a7yswtmyj6,F
104,bsnrrnyi1q,M
105,y8nwf1nyx2,F
106,kmsnwyi07,M
107,f7alsf1ml,M
108,7wjswf1hwy,M
109,m87qqn1wot,M
110,v8xitt1pr8,M
111,2_7lsf3h0,M
112,.fwwj3ub,M
113,.pwt3vd,M
114,ybztm4y5,M
115,_rjwjif1nt,M
116,27xnqqfjo0,M
117,2ijwqqfh1u,M
118,pt3nxffql,F
119,cnyyfgo7,M
120,o.wjpfgqh8,M
121,_ppfqfgfp,F
122,n81iqfgrqb,F
123,j7jswfg0mj,M
124,l7jyyfgim9,M
125,eqqfjgqw8,F
126,u7qxfjgqof,M
127,ukjqjngwha,M
128,ffswjng1rd,
129,flzwttgxf,M
130,exyttgofm,M
131,j3xfwtgr3,M
132,rjlinwgjwn,M
133,i971twgfw_,M
134,fnzgpa,M
135,gwfpwzgipv,M
136,.9jqyzgxf1,M
137,5wjqyzgpov,M
138,3urfp3gui,M
139,x7jgurfhlo,F
140,5xturfhhxt,M
141,fjrjqjhqih,M
142,mbwisfmhpu,M
143,xjlsfmhfiu,
144,a7rufmhjhw,F
145,h4j0fmhhgp,F
146,s_97sjmh3l,F
147,v_7sjmhyk,M
148,4fysnmhxr8,F
149,t.7ntmhmc,M
150,6uufqh1ge,M
151,fssfqthrsi,
152,p8jswthro1,M
153,0njwwthqo7,
154,bfijiqou,M
155,hfnmijix2,M
156,5qjjiqr6,M
157,jfhzqjiwr2,F
158,rfumxjissy,F
159,n.fwf0jix0,M
160,2yn2ni0sg,M
161,gwjpfjy4x,
162,pqjlsjoog,M
163,4ziqfkxpw,M
164,z7sfswfko3,M
165,dsfsnkxfg,F
166,lpfq3kl2,M
167,e87nhwflog,M
168,wxtzwglkom,
169,kss3qlrii,M
170,nnsittlgsj,M
171,t7jhfwlrok,M
172,5_sjjwlohy,M
173,2wtljwlnrp,M
174,mxnsszlx3,M
175,ntijlfmfp,F
176,onfmls,M
177,27qnrfmjo4,M
178,_tyurfmxoh,F
179,a3isfmfns,M
180,5sniwfm1fr,M
181,_axnwwfmwy,M
182,b7nwwfmr44,M
183,yxxfmf2,M
184,qmyfjmjms,F
185,pxrqjmfgp,M
186,d3wisjmire,M
187,jwwjmlfg,M
188,6snwwjmoh_,M
189,j7n1wjmwof,M
190,syi3jmqr7,F
191,5jlitmnjs,
192,y7jswtmorj,M
193,.9wf1tmwr9,M
194,jsz3mrf,M
195,ogthfofpi,M
196,c8fmifofx8,F
197,v7ynufoys,M
198,4styyjomjx,F
199,oclsfnog9,M
200,n.xsmtooge,M
201,z_txsmtos5,
202,7n1tyfpyi5,M
203,57jssjpyfo,
204,0sfmpzxw,M
205,unf1inpxrp,M
206,5arnpoi7,M
207,4jinstpfx,M
208,lsmxnwplfv,M
209,iwfpqzpzr2,M
210,xrmxpfqi3,F
211,ljjq1wu,M
212,v._nq41,M
213,y97snqmg,M
214,5twhsnqfld,F
215,3566znq3s,M
216,kiwtqxso,M
217,tjqffrwxf,M
218,pfjqhfryr.,
219,0hnshfrjur,M
220,psjwifrljp,F
221,q9ywfhhrf4,M
222,ucfymjrxm,M
223,fjmltrox5,M
224,jsnqqzrhya,M
225,azlfwzrh9,M
226,_asj3zlsij,M
227,5nwjnshgr,M
228,a9zns30,M
229,1sjnwgtuq6,M
230,77qjsfuor3,
231,9c7qjyfuo1,M
232,a9qjyfuosf,M
233,4qnyfuif_,F
234,6xwjijuxo5,
235,hjrnqtuus,F
236,ownmytupa,F
237,nsmhzwurd,M
238,7rfsmfwxs,F
239,53qqfwfv,F
240,28mxjrfws9,F
241,bjqisfwrow,M
242,a0qf3fwsxo,M
243,xsfrmjwzw3,M
244,ajtwuf6,M
245,57frfqfxfi,M
246,_tqsfhxqh_,M
247,gjnrmhxwou,M
248,xjpqjmxxjx,M
249,4gwtmxhrl,M
250,2sjqzmxh_,F
251,ifrnxygp,M
252,.c8mlsnxfz,F
253,xa9mlsnxxq,M
254,gtyyfqxrb,
255,589mynrxol,M
256,j.7ynrxork,M
257,2ijjsxomo,M
258,rti1tsxq4t,M
259,dqqjuxqr7,
260,e0nsnwxhq,F
261,27phtyxfyg,M
262,4.9szx37,F
263,wnwfyzxsik,M
264,bwfmyzxpmc,M
265,aatq3fyrgr,M
266,08urtmyfsi,M
267,mxfr3yjou,
268,fsjhsn0jf8,F
269,rqmf1yol,M
270,xstiqf1oo_,M
271,iwj0fj1ul0,M
272,0ynqgn1ms7,
273,f3jqqn1qow,M
274,c97nqqn1pv,F
275,f8fitt1wo4,M
276,sxitt1vof,
277,s9mlnw1fsj,M
278,5fmhztgjoy,M
279,cxwj1tgywc,
280,bmhftwgysn,
281,17s1twgj1d,M
282,vjitthuoz,M
283,tqzssfioqp,
284,ywyjuji43,F
285,5sfzlxrh,M
286,zwtr3fmo4w,M
287,xnsf0fqws.,
288,f76znqoj,M
289,pjzvnfrfqh,M
290,9yyjwfrljv,
291,oqjywfrypp,M
292,fwfs3fryr5,
293,ptlspuu,F
294,v8qjyfuh4,M
295,w8styyfurk,
296,iqts3jww.,F
297,f3isfxjwu,M
298,an0fynxjh0,M
299,qjiizyxwo2,M
300,03qzrfy1ou,M
301,tsjmxqzi9,M
302,lssjw1fh4,
